kappa_v,theta_v,sigma_v,rho,v0
18.447069109136955,0.025919335092243055,0.9778913699421999,-0.8205174711934705,0.03516507923484203
